{
  "name": "Oldgauge",
  "version": "1.0.0",
  "description": "Novel gauge clusters for monitoring production systems",
  "keywords": "aws, pagerduty, esp32",
  "repository":
  {
    "type": "git",
    "url": "https://github.com/username/hello-world.git"
  },
  "authors":
  [
    {
      "name": "Philip Callender",
      "email": "philip.callender@tooltwist.com",
      "Zurl": "https://www.john-smith/contact",
      "maintainer": true
    }
  ],
  "license": "MIT",
  "homepage": "https://www.oldgauge.com/",
  "dependencies": {
  },
  "frameworks": "*",
  "platforms": "*"
}